{
	"class_name" : "PinholeCameraParameters",
	"extrinsic" : 
	[
		0.93390703450491841,
		0.025811342399994636,
		0.35658298544061157,
		0.0,
		0.15429710299433458,
		0.8706209433189821,
		-0.46713122038879146,
		0.0,
		-0.32250589903098653,
		0.49127685438851704,
		0.80909640799619109,
		0.0,
		0.011612557086727038,
		0.024312345415635123,
		0.33358869635765548,
		1.0
	],
	"intrinsic" : 
	{
		"height" : 1080,
		"intrinsic_matrix" : 
		[
			935.30743608719376,
			0.0,
			0.0,
			0.0,
			935.30743608719376,
			0.0,
			959.5,
			539.5,
			1.0
		],
		"width" : 1920
	},
	"version_major" : 1,
	"version_minor" : 0
}